nombre,apellido,legajo,email
 Paula Milagros,Abrego,FCE-579840,pau.abrego.des@gmail.com
 Yael,Degue,FCE-674519,degueyael@gmail.com
 Karla,Kjer,FCE-862352,kjerkarla1@gmail.com
 Damian Matias,Lopez,FCE-782907,damianl132@hotmail.com
 Baltazar,Lopez Di Paolo,FCE-919346,baltazarlopez2003@gmail.com
 Evelyn,Perez,Sin definir,evelynperez067@gmail.com
 Manuela,Perez Lopez,Sin definir,manuelapl2804@gmail.com
 Dante,Raimondi,FCE-945513,dante.raimondi3@gmail.com
 Berenice,Soler,FCE-911754,solerberenice1@gmail.com
 Manuel,Suarez Bianco,FCE-857639,manusb369@gmail.com
 Valentina,Vitral,FCE-894445,Valentinavitral@gmail.com
